INSERT INTO `inmoapp_development`.`cities` (`id`, `name`, `code`) VALUES ('1', 'Río Cuarto', '5800');
INSERT INTO `inmoapp_development`.`cities` (`id`, `name`, `code`) VALUES ('2', 'Santa Catalina', '5825');
INSERT INTO `inmoapp_development`.`cities` (`id`, `name`, `code`) VALUES ('3', 'San Basilio', '5841');
INSERT INTO `inmoapp_development`.`cities` (`id`, `name`, `code`) VALUES ('4', 'Las Higueras', '5805');
INSERT INTO `inmoapp_development`.`cities` (`id`, `name`, `code`) VALUES ('5', 'Vicuña Mackenna', '6140');
INSERT INTO `inmoapp_development`.`addresses` (`id`, `street`, `num`, `neighborhood`, `city_id`) VALUES ('1', 'Arrayanes', '2459', 'Bimaco', '1');
INSERT INTO `inmoapp_development`.`addresses` (`id`, `street`, `num`, `neighborhood`, `city_id`) VALUES ('2', 'Alvear', '249', 'Centro', '1');
INSERT INTO `inmoapp_development`.`addresses` (`id`, `street`, `num`, `neighborhood`, `city_id`) VALUES ('3', 'Cabrera', '827', '', '1');
INSERT INTO `inmoapp_development`.`addresses` (`id`, `street`, `num`, `neighborhood`, `city_id`) VALUES ('4', 'Juan José Paso', '123', 'Ferroviario', '1');
INSERT INTO `inmoapp_development`.`addresses` (`id`, `street`, `num`, `neighborhood`, `city_id`) VALUES ('5', 'San Martin', '695', 'Centro', '1');
INSERT INTO `inmoapp_development`.`addresses` (`id`, `street`, `num`, `neighborhood`, `city_id`) VALUES ('6', 'Dean Funes', '495', '', '1');
INSERT INTO `inmoapp_development`.`addresses` (`id`, `street`, `num`, `neighborhood`, `city_id`) VALUES ('7', 'Alvear', '1052', 'Centro', '1');
INSERT INTO `inmoapp_development`.`addresses` (`id`, `street`, `num`, `neighborhood`, `city_id`) VALUES ('8', 'Buenos Aires', '912', '', '2');
INSERT INTO `inmoapp_development`.`addresses` (`id`, `street`, `num`, `neighborhood`, `city_id`) VALUES ('9', 'Talar', '13', 'Jardín', '3');
INSERT INTO `inmoapp_development`.`addresses` (`id`, `street`, `num`, `neighborhood`, `city_id`) VALUES ('10', 'Los Robles', '1358', '', '4');
INSERT INTO `inmoapp_development`.`addresses` (`id`, `street`, `num`, `neighborhood`, `city_id`) VALUES ('11', 'Jujuy', '91', 'Norte', '5');
INSERT INTO `inmoapp_development`.`addresses` (`id`, `street`, `num`, `neighborhood`, `city_id`) VALUES ('12', 'Brasil', '312', 'Banda Norte', '1');
INSERT INTO `inmoapp_development`.`owners` (`id`, `first_name`, `last_name`, `dni`, `email`, `address_id`) VALUES ('1', 'Nicolás', 'Pereyra', '37.134.136', 'nico.orcasitas@gmail.com', '1');
INSERT INTO `inmoapp_development`.`owners` (`id`, `first_name`, `last_name`, `dni`, `email`, `address_id`) VALUES ('2', 'Jacinto', 'Jaimez', '38.912.751', 'jazu.jaimez.@hotmail.com', '2');
INSERT INTO `inmoapp_development`.`owners` (`id`, `first_name`, `last_name`, `dni`, `email`, `address_id`) VALUES ('3', 'Ezequiel', 'Zensich', '36.123.019', 'ezezensich@gmail.com', '3');
INSERT INTO `inmoapp_development`.`owners` (`id`, `first_name`, `last_name`, `dni`, `email`, `address_id`) VALUES ('4', 'Joaquin', 'Heredia', '31.716.102', '', '4');
INSERT INTO `inmoapp_development`.`real_estates` (`id`, `name`, `phone_number`, `web_site`, `email`, `address_id`) VALUES ('1', 'Capello S.A', '(0358)4645929', 'capello-sa.com.ar', 'info@capello-sa.com.ar', '5');
INSERT INTO `inmoapp_development`.`real_estates` (`id`, `name`, `phone_number`, `web_site`, `email`, `address_id`) VALUES ('2', 'Terra Nova', '(0358)155075659', 'www.terranova.com', 'inmob-terra-nova@hotmial.com', '6');
INSERT INTO `inmoapp_development`.`real_estates` (`id`, `name`, `phone_number`, `web_site`, `email`, `address_id`) VALUES ('3', 'HF inmobiliaria', '4631511', 'www.nfinmobiliaria.com', 'nelsonfuentespropiedades@gmail.com', '7');
INSERT INTO `inmoapp_development`.`real_estates` (`id`, `name`, `phone_number`, `web_site`, `email`, `address_id`) VALUES ('4', 'El Inmueble', '4639121', 'www.elinmueble.com.ar', 'elinmueble@gmail.com', '8');
INSERT INTO `inmoapp_development`.`owners_real_estates` (`id`, `owner_id`, `real_estate_id`) VALUES ('1', '1', '1');
INSERT INTO `inmoapp_development`.`owners_real_estates` (`id`, `owner_id`, `real_estate_id`) VALUES ('2', '1', '2');
INSERT INTO `inmoapp_development`.`owners_real_estates` (`id`, `owner_id`, `real_estate_id`) VALUES ('3', '1', '3');
INSERT INTO `inmoapp_development`.`owners_real_estates` (`id`, `owner_id`, `real_estate_id`) VALUES ('4', '2', '4');
INSERT INTO `inmoapp_development`.`owners_real_estates` (`id`, `owner_id`, `real_estate_id`) VALUES ('5', '3', '1');
INSERT INTO `inmoapp_development`.`owners_real_estates` (`id`, `owner_id`, `real_estate_id`) VALUES ('6', '4', '1');

INSERT INTO `inmoapp_development`.`buildings` (`id`, `description`, `price`, `offer`, `type`, `address_id`, `owner_id`, `real_estate_id`) VALUES ('1', '2 habitaciones, 3 baños', '$918271', 'SALE', 'DEPARTAMENT', '9', '1', '1');
INSERT INTO `inmoapp_development`.`buildings` (`id`, `description`, `price`, `offer`, `type`, `address_id`, `owner_id`, `real_estate_id`) VALUES ('2', '500 mts2', '$1921', 'RENT', 'GARAGE', '10', '2', '2');
INSERT INTO `inmoapp_development`.`buildings` (`id`, `description`, `price`, `offer`, `type`, `address_id`, `owner_id`, `real_estate_id`) VALUES ('3', '3 piezas, 1 baño, garage', '$110000', 'SALE', 'HOUSE', '11', '1', '1');
INSERT INTO `inmoapp_development`.`buildings` (`id`, `description`, `price`, `offer`, `type`, `address_id`, `owner_id`, `real_estate_id`) VALUES ('4', 'Sin descripcion', '$12031', 'RENT', 'FARM', '12', '4', '3');
UPDATE `inmoapp_development`.`buildings` SET `offer`='sale', `type`='departament' WHERE `id`='1';
UPDATE `inmoapp_development`.`buildings` SET `offer`='rent', `type`='garage' WHERE `id`='2';
UPDATE `inmoapp_development`.`buildings` SET `offer`='sale', `type`='house' WHERE `id`='3';
UPDATE `inmoapp_development`.`buildings` SET `offer`='rent', `type`='farm' WHERE `id`='4';
UPDATE `inmoapp_development`.`buildings` SET `offer`='sale', `type`='house' WHERE `id`='58';


